,RGCN_BAC,RGCN_F1,RGCN_AUC,HRAN_BAC,HRAN_F1,HRAN_AUC,ΔBAC,ΔF1,ΔAUC
Mean,0.811224372607225,0.6891593873165339,0.9248965268698331,0.7845075853703123,0.6068972041357906,0.877743109160648,-0.02671678723691273,-0.0822621831807433,-0.04715341770918513
